Betha_0,Betha_1,Bias
-4.4789766298282165,-7.08171008822448,16.40260202008235
4.4789766298282165,7.08171008822448,-16.40260202008235
