Betha_0,Betha_1,Bias
-5.155823885111624,-8.53653648265074,21.485136762615163
5.155823885111624,8.53653648265074,-21.485136762615163
