Betha_0,Betha_1,Bias
-4.300551833326464,-2.333874560807568,12.47764424642424
4.300551833326464,2.333874560807568,-12.47764424642424
