Betha_0,Betha_1,Bias
-5.277028320030168,-3.5655202025812547,15.770002396085795
5.277028320030168,3.5655202025812547,-15.770002396085795
