Betha_0,Betha_1,Bias
-5.155823885111624,-8.53653648265074,17.596344604926422
5.155823885111624,8.53653648265074,-17.596344604926422
