Betha_0,Betha_1,Bias
-5.536885321052087,-3.204817883826343,16.121091035354198
5.536885321052087,3.204817883826343,-16.121091035354198
